Workbook

Sheet Product Profile
A1: Profile | B1: Price | C1: Indoor Use | D1: Outdoor Adventure | E1: Professional Settings | F1: Health & Fitness | H1: Price | I1: Indoor Use | J1: Outdoor Adventure | K1: Professional Settings | L1: Health & Fitness
A2: 1 | B2: 2 | C2: 2 | D2: 2 | E2: 2 | F2: 2 | H2: =INDEX('Conjoint Dummy'!$F$3:$F$5,MATCH('Product Profile'!B2,'Conjoint Dummy'!$A$3:$A$5,0)) -> 450 | I2: =INDEX('Conjoint Dummy'!$B$3:$B$5,MATCH('Product Profile'!C2,'Conjoint Dummy'!$A$3:$A$5,0)) -> Smart Adaptive Display | J2: =INDEX('Conjoint Dummy'!$C$3:$C$5,MATCH('Product Profile'!D2,'Conjoint Dummy'!$A$3:$A$5,0)) -> Advanced GPS & Live Mapping | K2: =INDEX('Conjoint Dummy'!$D$3:$D$5,MATCH('Product Profile'!E2,'Conjoint Dummy'!$A$3:$A$5,0)) -> Smart Voice Commands & Reminders | L2: =INDEX('Conjoint Dummy'!$E$3:$E$5,MATCH('Product Profile'!F2,'Conjoint Dummy'!$A$3:$A$5,0)) -> Heart Rate & Workout Insights
A3: 2 | B3: 2 | C3: 1 | D3: 1 | E3: 3 | F3: 1 | H3: =INDEX('Conjoint Dummy'!$F$3:$F$5,MATCH('Product Profile'!B3,'Conjoint Dummy'!$A$3:$A$5,0)) -> 450 | I3: =INDEX('Conjoint Dummy'!$B$3:$B$5,MATCH('Product Profile'!C3,'Conjoint Dummy'!$A$3:$A$5,0)) -> Auto-Brightness Adjustment | J3: =INDEX('Conjoint Dummy'!$C$3:$C$5,MATCH('Product Profile'!D3,'Conjoint Dummy'!$A$3:$A$5,0)) -> Basic GPS & Weather Updates | K3: =INDEX('Conjoint Dummy'!$D$3:$D$5,MATCH('Product Profile'!E3,'Conjoint Dummy'!$A$3:$A$5,0)) -> AI Assistant & Hands-Free Control | L3: =INDEX('Conjoint Dummy'!$E$3:$E$5,MATCH('Product Profile'!F3,'Conjoint Dummy'!$A$3:$A$5,0)) -> Step & Calorie Tracking
A4: 3 | B4: 1 | C4: 1 | D4: 2 | E4: 2 | F4: 3 | H4: =INDEX('Conjoint Dummy'!$F$3:$F$5,MATCH('Product Profile'!B4,'Conjoint Dummy'!$A$3:$A$5,0)) -> 350 | I4: =INDEX('Conjoint Dummy'!$B$3:$B$5,MATCH('Product Profile'!C4,'Conjoint Dummy'!$A$3:$A$5,0)) -> Auto-Brightness Adjustment | J4: =INDEX('Conjoint Dummy'!$C$3:$C$5,MATCH('Product Profile'!D4,'Conjoint Dummy'!$A$3:$A$5,0)) -> Advanced GPS & Live Mapping | K4: =INDEX('Conjoint Dummy'!$D$3:$D$5,MATCH('Product Profile'!E4,'Conjoint Dummy'!$A$3:$A$5,0)) -> Smart Voice Commands & Reminders | L4: =INDEX('Conjoint Dummy'!$E$3:$E$5,MATCH('Product Profile'!F4,'Conjoint Dummy'!$A$3:$A$5,0)) -> Full Biometric Analysis & AI Coaching
A5: 4 | B5: 3 | C5: 1 | D5: 2 | E5: 3 | F5: 1 | H5: =INDEX('Conjoint Dummy'!$F$3:$F$5,MATCH('Product Profile'!B5,'Conjoint Dummy'!$A$3:$A$5,0)) -> 550 | I5: =INDEX('Conjoint Dummy'!$B$3:$B$5,MATCH('Product Profile'!C5,'Conjoint Dummy'!$A$3:$A$5,0)) -> Auto-Brightness Adjustment | J5: =INDEX('Conjoint Dummy'!$C$3:$C$5,MATCH('Product Profile'!D5,'Conjoint Dummy'!$A$3:$A$5,0)) -> Advanced GPS & Live Mapping | K5: =INDEX('Conjoint Dummy'!$D$3:$D$5,MATCH('Product Profile'!E5,'Conjoint Dummy'!$A$3:$A$5,0)) -> AI Assistant & Hands-Free Control | L5: =INDEX('Conjoint Dummy'!$E$3:$E$5,MATCH('Product Profile'!F5,'Conjoint Dummy'!$A$3:$A$5,0)) -> Step & Calorie Tracking
A6: 5 | B6: 3 | C6: 1 | D6: 3 | E6: 2 | F6: 2 | H6: =INDEX('Conjoint Dummy'!$F$3:$F$5,MATCH('Product Profile'!B6,'Conjoint Dummy'!$A$3:$A$5,0)) -> 550 | I6: =INDEX('Conjoint Dummy'!$B$3:$B$5,MATCH('Product Profile'!C6,'Conjoint Dummy'!$A$3:$A$5,0)) -> Auto-Brightness Adjustment | J6: =INDEX('Conjoint Dummy'!$C$3:$C$5,MATCH('Product Profile'!D6,'Conjoint Dummy'!$A$3:$A$5,0)) -> AR Navigation & Real-Time Environmental Data | K6: =INDEX('Conjoint Dummy'!$D$3:$D$5,MATCH('Product Profile'!E6,'Conjoint Dummy'!$A$3:$A$5,0)) -> Smart Voice Commands & Reminders | L6: =INDEX('Conjoint Dummy'!$E$3:$E$5,MATCH('Product Profile'!F6,'Conjoint Dummy'!$A$3:$A$5,0)) -> Heart Rate & Workout Insights
A7: 6 | B7: 2 | C7: 2 | D7: 3 | E7: 3 | F7: 1 | H7: =INDEX('Conjoint Dummy'!$F$3:$F$5,MATCH('Product Profile'!B7,'Conjoint Dummy'!$A$3:$A$5,0)) -> 450 | I7: =INDEX('Conjoint Dummy'!$B$3:$B$5,MATCH('Product Profile'!C7,'Conjoint Dummy'!$A$3:$A$5,0)) -> Smart Adaptive Display | J7: =INDEX('Conjoint Dummy'!$C$3:$C$5,MATCH('Product Profile'!D7,'Conjoint Dummy'!$A$3:$A$5,0)) -> AR Navigation & Real-Time Environmental Data | K7: =INDEX('Conjoint Dummy'!$D$3:$D$5,MATCH('Product Profile'!E7,'Conjoint Dummy'!$A$3:$A$5,0)) -> AI Assistant & Hands-Free Control | L7: =INDEX('Conjoint Dummy'!$E$3:$E$5,MATCH('Product Profile'!F7,'Conjoint Dummy'!$A$3:$A$5,0)) -> Step & Calorie Tracking
A8: 7 | B8: 1 | C8: 2 | D8: 1 | E8: 3 | F8: 3 | H8: =INDEX('Conjoint Dummy'!$F$3:$F$5,MATCH('Product Profile'!B8,'Conjoint Dummy'!$A$3:$A$5,0)) -> 350 | I8: =INDEX('Conjoint Dummy'!$B$3:$B$5,MATCH('Product Profile'!C8,'Conjoint Dummy'!$A$3:$A$5,0)) -> Smart Adaptive Display | J8: =INDEX('Conjoint Dummy'!$C$3:$C$5,MATCH('Product Profile'!D8,'Conjoint Dummy'!$A$3:$A$5,0)) -> Basic GPS & Weather Updates | K8: =INDEX('Conjoint Dummy'!$D$3:$D$5,MATCH('Product Profile'!E8,'Conjoint Dummy'!$A$3:$A$5,0)) -> AI Assistant & Hands-Free Control | L8: =INDEX('Conjoint Dummy'!$E$3:$E$5,MATCH('Product Profile'!F8,'Conjoint Dummy'!$A$3:$A$5,0)) -> Full Biometric Analysis & AI Coaching
A9: 8 | B9: 3 | C9: 3 | D9: 3 | E9: 3 | F9: 3 | H9: =INDEX('Conjoint Dummy'!$F$3:$F$5,MATCH('Product Profile'!B9,'Conjoint Dummy'!$A$3:$A$5,0)) -> 550 | I9: =INDEX('Conjoint Dummy'!$B$3:$B$5,MATCH('Product Profile'!C9,'Conjoint Dummy'!$A$3:$A$5,0)) -> AI-Optimized Vision | J9: =INDEX('Conjoint Dummy'!$C$3:$C$5,MATCH('Product Profile'!D9,'Conjoint Dummy'!$A$3:$A$5,0)) -> AR Navigation & Real-Time Environmental Data | K9: =INDEX('Conjoint Dummy'!$D$3:$D$5,MATCH('Product Profile'!E9,'Conjoint Dummy'!$A$3:$A$5,0)) -> AI Assistant & Hands-Free Control | L9: =INDEX('Conjoint Dummy'!$E$3:$E$5,MATCH('Product Profile'!F9,'Conjoint Dummy'!$A$3:$A$5,0)) -> Full Biometric Analysis & AI Coaching
A10: 9 | B10: 1 | C10: 1 | D10: 1 | E10: 1 | F10: 1 | H10: =INDEX('Conjoint Dummy'!$F$3:$F$5,MATCH('Product Profile'!B10,'Conjoint Dummy'!$A$3:$A$5,0)) -> 350 | I10: =INDEX('Conjoint Dummy'!$B$3:$B$5,MATCH('Product Profile'!C10,'Conjoint Dummy'!$A$3:$A$5,0)) -> Auto-Brightness Adjustment | J10: =INDEX('Conjoint Dummy'!$C$3:$C$5,MATCH('Product Profile'!D10,'Conjoint Dummy'!$A$3:$A$5,0)) -> Basic GPS & Weather Updates | K10: =INDEX('Conjoint Dummy'!$D$3:$D$5,MATCH('Product Profile'!E10,'Conjoint Dummy'!$A$3:$A$5,0)) -> Distraction-Free Alerts | L10: =INDEX('Conjoint Dummy'!$E$3:$E$5,MATCH('Product Profile'!F10,'Conjoint Dummy'!$A$3:$A$5,0)) -> Step & Calorie Tracking
A11: 10 | B11: 2 | C11: 3 | D11: 2 | E11: 1 | F11: 1 | H11: =INDEX('Conjoint Dummy'!$F$3:$F$5,MATCH('Product Profile'!B11,'Conjoint Dummy'!$A$3:$A$5,0)) -> 450 | I11: =INDEX('Conjoint Dummy'!$B$3:$B$5,MATCH('Product Profile'!C11,'Conjoint Dummy'!$A$3:$A$5,0)) -> AI-Optimized Vision | J11: =INDEX('Conjoint Dummy'!$C$3:$C$5,MATCH('Product Profile'!D11,'Conjoint Dummy'!$A$3:$A$5,0)) -> Advanced GPS & Live Mapping | K11: =INDEX('Conjoint Dummy'!$D$3:$D$5,MATCH('Product Profile'!E11,'Conjoint Dummy'!$A$3:$A$5,0)) -> Distraction-Free Alerts | L11: =INDEX('Conjoint Dummy'!$E$3:$E$5,MATCH('Product Profile'!F11,'Conjoint Dummy'!$A$3:$A$5,0)) -> Step & Calorie Tracking
A12: 11 | B12: 2 | C12: 3 | D12: 1 | E12: 2 | F12: 3 | H12: =INDEX('Conjoint Dummy'!$F$3:$F$5,MATCH('Product Profile'!B12,'Conjoint Dummy'!$A$3:$A$5,0)) -> 450 | I12: =INDEX('Conjoint Dummy'!$B$3:$B$5,MATCH('Product Profile'!C12,'Conjoint Dummy'!$A$3:$A$5,0)) -> AI-Optimized Vision | J12: =INDEX('Conjoint Dummy'!$C$3:$C$5,MATCH('Product Profile'!D12,'Conjoint Dummy'!$A$3:$A$5,0)) -> Basic GPS & Weather Updates | K12: =INDEX('Conjoint Dummy'!$D$3:$D$5,MATCH('Product Profile'!E12,'Conjoint Dummy'!$A$3:$A$5,0)) -> Smart Voice Commands & Reminders | L12: =INDEX('Conjoint Dummy'!$E$3:$E$5,MATCH('Product Profile'!F12,'Conjoint Dummy'!$A$3:$A$5,0)) -> Full Biometric Analysis & AI Coaching

Sheet Conjoint Dummy
A1: 1. Attribute and Levels for Ray-Ban Meta | H1: Dummy_Format
A2: Attribute/ Levels | B2: Indoor Use | C2: Outdoor Adventure | D2: Professional Settings | E2: Health & Fitness | F2: Price | H2: Price | I2: Indoor1_Auto-Brightness Adjustment | J2: Indoor2_Smart Adaptive Display | K2: Indoor3_AI-Optimized Vision | L2: Outdoor1_Basic GPS & Weather Updates | M2: Outdoor2_Advanced GPS & Live Mapping | N2: Outdoor3_AR Navigation & Real-Time Environmental Data | O2: Professional1_Distraction-Free Alerts | P2: Professional2_Smart Voice Commands & Reminders | Q2: Professional3_AI Assistant & Hands-Free Control | R2: Fitness1_Step & Calorie Tracking | S2: Fitness2_Heart Rate & Workout Insights | T2: Fitness3_Full Biometric Analysis & AI Coaching
A3: 1 | B3: Auto-Brightness Adjustment | C3: Basic GPS & Weather Updates | D3: Distraction-Free Alerts | E3: Step & Calorie Tracking | F3: 350 | H3: 350 | I3: 1 | J3: 0 | K3: 0 | L3: 1 | M3: 0 | N3: 0 | O3: 1 | P3: 0 | Q3: 0 | R3: 1 | S3: 0 | T3: 0
A4: 2 | B4: Smart Adaptive Display | C4: Advanced GPS & Live Mapping | D4: Smart Voice Commands & Reminders | E4: Heart Rate & Workout Insights | F4: 450 | H4: 450 | I4: 0 | J4: 1 | K4: 0 | L4: 0 | M4: 1 | N4: 0 | O4: 0 | P4: 1 | Q4: 0 | R4: 0 | S4: 1 | T4: 0
A5: 3 | B5: AI-Optimized Vision | C5: AR Navigation & Real-Time Environmental Data | D5: AI Assistant & Hands-Free Control | E5: Full Biometric Analysis & AI Coaching | F5: 550 | H5: 550 | I5: 0 | J5: 0 | K5: 1 | L5: 0 | M5: 0 | N5: 1 | O5: 0 | P5: 0 | Q5: 1 | R5: 0 | S5: 0 | T5: 1
A7: 4. FFD Orthogonal Design used in the example by Kamakura | H7: Conjoint_to run regression | K7: >> How 11 profiles look like in Dummy code, Drop ALL Level1 as baseline
A9: Product ID | B9: Indoor Use | C9: Outdoor Adventure | D9: Professional Settings | E9: Health & Fitness | F9: Price | H9: 450 | I9: 550 | J9: Indoor2_Smart Adaptive Display | K9: Indoor3_AI-Optimized Vision | L9: Outdoor2_Advanced GPS & Live Mapping | M9: Outdoor3_AR Navigation & Real-Time Environmental Data | N9: Professional2_Smart Voice Commands & Reminders | O9: Professional3_AI Assistant & Hands-Free Control | P9: Fitness2_Heart Rate & Workout Insights | Q9: Fitness3_Full Biometric Analysis & AI Coaching
A10: 1 | B10: 2 | C10: 2 | D10: 2 | E10: 2 | F10: 2 | H10: =IF(VLOOKUP($F10,$A$2:$T$5,8,FALSE) = $H$9,1,0) -> 1 | I10: =IF(VLOOKUP($F10,$A$2:$T$5,8,FALSE) = $I$9,1,0) -> 0 | J10: =VLOOKUP($B10,$A$2:$T$5,10,FALSE) -> 1 | K10: =VLOOKUP($B10,$A$2:$T$5,11,FALSE) -> 0 | L10: =VLOOKUP($C10,$A$2:$T$5,13,FALSE) -> 1 | M10: =VLOOKUP($C10,$A$2:$P$5,14,FALSE) -> 0 | N10: =VLOOKUP($D10,$A$2:$T$5,16,FALSE) -> 1 | O10: =VLOOKUP($D10,$A$2:$T$5,17,FALSE) -> 0 | P10: =VLOOKUP($E10,$A$2:$T$5,19,FALSE) -> 1 | Q10: =VLOOKUP($E10,$A$2:$T$5,20,FALSE) -> 0
A11: 2 | B11: 2 | C11: 1 | D11: 1 | E11: 3 | F11: 1 | H11: =IF(VLOOKUP($F11,$A$2:$T$5,8,FALSE) = $H$9,1,0) -> 0 | I11: =IF(VLOOKUP($F11,$A$2:$T$5,8,FALSE) = $I$9,1,0) -> 0 | J11: =VLOOKUP($B11,$A$2:$T$5,10,FALSE) -> 1 | K11: =VLOOKUP($B11,$A$2:$T$5,11,FALSE) -> 0 | L11: =VLOOKUP($C11,$A$2:$T$5,13,FALSE) -> 0 | M11: =VLOOKUP($C11,$A$2:$P$5,14,FALSE) -> 0 | N11: =VLOOKUP($D11,$A$2:$T$5,16,FALSE) -> 0 | O11: =VLOOKUP($D11,$A$2:$T$5,17,FALSE) -> 0 | P11: =VLOOKUP($E11,$A$2:$T$5,19,FALSE) -> 0 | Q11: =VLOOKUP($E11,$A$2:$T$5,20,FALSE) -> 1
A12: 3 | B12: 1 | C12: 1 | D12: 2 | E12: 2 | F12: 3 | H12: =IF(VLOOKUP($F12,$A$2:$T$5,8,FALSE) = $H$9,1,0) -> 0 | I12: =IF(VLOOKUP($F12,$A$2:$T$5,8,FALSE) = $I$9,1,0) -> 1 | J12: =VLOOKUP($B12,$A$2:$T$5,10,FALSE) -> 0 | K12: =VLOOKUP($B12,$A$2:$T$5,11,FALSE) -> 0 | L12: =VLOOKUP($C12,$A$2:$T$5,13,FALSE) -> 0 | M12: =VLOOKUP($C12,$A$2:$P$5,14,FALSE) -> 0 | N12: =VLOOKUP($D12,$A$2:$T$5,16,FALSE) -> 1 | O12: =VLOOKUP($D12,$A$2:$T$5,17,FALSE) -> 0 | P12: =VLOOKUP($E12,$A$2:$T$5,19,FALSE) -> 1 | Q12: =VLOOKUP($E12,$A$2:$T$5,20,FALSE) -> 0
A13: 4 | B13: 3 | C13: 1 | D13: 2 | E13: 3 | F13: 1 | H13: =IF(VLOOKUP($F13,$A$2:$T$5,8,FALSE) = $H$9,1,0) -> 0 | I13: =IF(VLOOKUP($F13,$A$2:$T$5,8,FALSE) = $I$9,1,0) -> 0 | J13: =VLOOKUP($B13,$A$2:$T$5,10,FALSE) -> 0 | K13: =VLOOKUP($B13,$A$2:$T$5,11,FALSE) -> 1 | L13: =VLOOKUP($C13,$A$2:$T$5,13,FALSE) -> 0 | M13: =VLOOKUP($C13,$A$2:$P$5,14,FALSE) -> 0 | N13: =VLOOKUP($D13,$A$2:$T$5,16,FALSE) -> 1 | O13: =VLOOKUP($D13,$A$2:$T$5,17,FALSE) -> 0 | P13: =VLOOKUP($E13,$A$2:$T$5,19,FALSE) -> 0 | Q13: =VLOOKUP($E13,$A$2:$T$5,20,FALSE) -> 1
A14: 5 | B14: 3 | C14: 1 | D14: 3 | E14: 2 | F14: 2 | H14: =IF(VLOOKUP($F14,$A$2:$T$5,8,FALSE) = $H$9,1,0) -> 1 | I14: =IF(VLOOKUP($F14,$A$2:$T$5,8,FALSE) = $I$9,1,0) -> 0 | J14: =VLOOKUP($B14,$A$2:$T$5,10,FALSE) -> 0 | K14: =VLOOKUP($B14,$A$2:$T$5,11,FALSE) -> 1 | L14: =VLOOKUP($C14,$A$2:$T$5,13,FALSE) -> 0 | M14: =VLOOKUP($C14,$A$2:$P$5,14,FALSE) -> 0 | N14: =VLOOKUP($D14,$A$2:$T$5,16,FALSE) -> 0 | O14: =VLOOKUP($D14,$A$2:$T$5,17,FALSE) -> 1 | P14: =VLOOKUP($E14,$A$2:$T$5,19,FALSE) -> 1 | Q14: =VLOOKUP($E14,$A$2:$T$5,20,FALSE) -> 0
A15: 6 | B15: 2 | C15: 2 | D15: 3 | E15: 3 | F15: 1 | H15: =IF(VLOOKUP($F15,$A$2:$T$5,8,FALSE) = $H$9,1,0) -> 0 | I15: =IF(VLOOKUP($F15,$A$2:$T$5,8,FALSE) = $I$9,1,0) -> 0 | J15: =VLOOKUP($B15,$A$2:$T$5,10,FALSE) -> 1 | K15: =VLOOKUP($B15,$A$2:$T$5,11,FALSE) -> 0 | L15: =VLOOKUP($C15,$A$2:$T$5,13,FALSE) -> 1 | M15: =VLOOKUP($C15,$A$2:$P$5,14,FALSE) -> 0 | N15: =VLOOKUP($D15,$A$2:$T$5,16,FALSE) -> 0 | O15: =VLOOKUP($D15,$A$2:$T$5,17,FALSE) -> 1 | P15: =VLOOKUP($E15,$A$2:$T$5,19,FALSE) -> 0 | Q15: =VLOOKUP($E15,$A$2:$T$5,20,FALSE) -> 1
A16: 7 | B16: 1 | C16: 2 | D16: 1 | E16: 3 | F16: 3 | H16: =IF(VLOOKUP($F16,$A$2:$T$5,8,FALSE) = $H$9,1,0) -> 0 | I16: =IF(VLOOKUP($F16,$A$2:$T$5,8,FALSE) = $I$9,1,0) -> 1 | J16: =VLOOKUP($B16,$A$2:$T$5,10,FALSE) -> 0 | K16: =VLOOKUP($B16,$A$2:$T$5,11,FALSE) -> 0 | L16: =VLOOKUP($C16,$A$2:$T$5,13,FALSE) -> 1 | M16: =VLOOKUP($C16,$A$2:$P$5,14,FALSE) -> 0 | N16: =VLOOKUP($D16,$A$2:$T$5,16,FALSE) -> 0 | O16: =VLOOKUP($D16,$A$2:$T$5,17,FALSE) -> 0 | P16: =VLOOKUP($E16,$A$2:$T$5,19,FALSE) -> 0 | Q16: =VLOOKUP($E16,$A$2:$T$5,20,FALSE) -> 1
A17: 8 | B17: 3 | C17: 3 | D17: 3 | E17: 3 | F17: 3 | H17: =IF(VLOOKUP($F17,$A$2:$T$5,8,FALSE) = $H$9,1,0) -> 0 | I17: =IF(VLOOKUP($F17,$A$2:$T$5,8,FALSE) = $I$9,1,0) -> 1 | J17: =VLOOKUP($B17,$A$2:$T$5,10,FALSE) -> 0 | K17: =VLOOKUP($B17,$A$2:$T$5,11,FALSE) -> 1 | L17: =VLOOKUP($C17,$A$2:$T$5,13,FALSE) -> 0 | M17: =VLOOKUP($C17,$A$2:$P$5,14,FALSE) -> 1 | N17: =VLOOKUP($D17,$A$2:$T$5,16,FALSE) -> 0 | O17: =VLOOKUP($D17,$A$2:$T$5,17,FALSE) -> 1 | P17: =VLOOKUP($E17,$A$2:$T$5,19,FALSE) -> 0 | Q17: =VLOOKUP($E17,$A$2:$T$5,20,FALSE) -> 1
A18: 9 | B18: 1 | C18: 1 | D18: 1 | E18: 1 | F18: 1 | H18: =IF(VLOOKUP($F18,$A$2:$T$5,8,FALSE) = $H$9,1,0) -> 0 | I18: =IF(VLOOKUP($F18,$A$2:$T$5,8,FALSE) = $I$9,1,0) -> 0 | J18: =VLOOKUP($B18,$A$2:$T$5,10,FALSE) -> 0 | K18: =VLOOKUP($B18,$A$2:$T$5,11,FALSE) -> 0 | L18: =VLOOKUP($C18,$A$2:$T$5,13,FALSE) -> 0 | M18: =VLOOKUP($C18,$A$2:$P$5,14,FALSE) -> 0 | N18: =VLOOKUP($D18,$A$2:$T$5,16,FALSE) -> 0 | O18: =VLOOKUP($D18,$A$2:$T$5,17,FALSE) -> 0 | P18: =VLOOKUP($E18,$A$2:$T$5,19,FALSE) -> 0 | Q18: =VLOOKUP($E18,$A$2:$T$5,20,FALSE) -> 0
A19: 10 | B19: 2 | C19: 3 | D19: 2 | E19: 1 | F19: 1 | H19: =IF(VLOOKUP($F19,$A$2:$T$5,8,FALSE) = $H$9,1,0) -> 0 | I19: =IF(VLOOKUP($F19,$A$2:$T$5,8,FALSE) = $I$9,1,0) -> 0 | J19: =VLOOKUP($B19,$A$2:$T$5,10,FALSE) -> 1 | K19: =VLOOKUP($B19,$A$2:$T$5,11,FALSE) -> 0 | L19: =VLOOKUP($C19,$A$2:$T$5,13,FALSE) -> 0 | M19: =VLOOKUP($C19,$A$2:$P$5,14,FALSE) -> 1 | N19: =VLOOKUP($D19,$A$2:$T$5,16,FALSE) -> 1 | O19: =VLOOKUP($D19,$A$2:$T$5,17,FALSE) -> 0 | P19: =VLOOKUP($E19,$A$2:$T$5,19,FALSE) -> 0 | Q19: =VLOOKUP($E19,$A$2:$T$5,20,FALSE) -> 0
A20: 11 | B20: 2 | C20: 3 | D20: 1 | E20: 2 | F20: 3 | H20: =IF(VLOOKUP($F20,$A$2:$T$5,8,FALSE) = $H$9,1,0) -> 0 | I20: =IF(VLOOKUP($F20,$A$2:$T$5,8,FALSE) = $I$9,1,0) -> 1 | J20: =VLOOKUP($B20,$A$2:$T$5,10,FALSE) -> 1 | K20: =VLOOKUP($B20,$A$2:$T$5,11,FALSE) -> 0 | L20: =VLOOKUP($C20,$A$2:$T$5,13,FALSE) -> 0 | M20: =VLOOKUP($C20,$A$2:$P$5,14,FALSE) -> 1 | N20: =VLOOKUP($D20,$A$2:$T$5,16,FALSE) -> 0 | O20: =VLOOKUP($D20,$A$2:$T$5,17,FALSE) -> 0 | P20: =VLOOKUP($E20,$A$2:$T$5,19,FALSE) -> 1 | Q20: =VLOOKUP($E20,$A$2:$T$5,20,FALSE) -> 0

Sheet 1. Raw Data_Rating
B1: There are 43 remaining valid respondents selected via a screening question on AR Interest. | Q1: Y VARIABLES | R1: Respondent
B2: Respondent | C2: Option 1 | D2: Option 2 | E2: Option 3 | F2: Option 4 | G2: Option 5 | H2: Option 6 | I2: Option 7 | J2: Option 8 | K2: Option 9 | L2: Option 10 | M2: Option 11 | Q2: OPTION | R2: 1 | S2: 2 | T2: 3 | U2: 4 | V2: 5 | W2: 6 | X2: 7 | Y2: 8 | Z2: 9 | AA2: 10 | AB2: 11 | AC2: 12 | AD2: 13 | AE2: 14 | AF2: 15 | AG2: 16 | AH2: 17 | AI2: 18 | AJ2: 19 | AK2: 20 | AL2: 21 | AM2: 22 | AN2: 23 | AO2: 24 | AP2: 25 | AQ2: 26 | AR2: 27 | AS2: 28 | AT2: 29 | AU2: 30 | AV2: 31 | AW2: 32 | AX2: 33 | AY2: 34 | AZ2: 35 | BA2: 36 | BB2: 37 | BC2: 38 | BD2: 39 | BE2: 40 | BF2: 41 | BG2: 42 | BH2: 43
B3: 1 | C3: 6 | D3: 7 | E3: 5 | F3: 5 | G3: 6 | H3: 5 | I3: 7 | J3: 5 | K3: 7 | L3: 6 | M3: 6 | Q3: 1 | R3: 6 | S3: 5 | T3: 5 | U3: 6 | V3: 4 | W3: 2 | X3: 5 | Y3: 5 | Z3: 5 | AA3: 7 | AB3: 7 | AC3: 2 | AD3: 5 | AE3: 4 | AF3: 3 | AG3: 5 | AH3: 3 | AI3: 5 | AJ3: 7 | AK3: 7 | AL3: 7 | AM3: 5 | AN3: 6 | AO3: 5 | AP3: 6 | AQ3: 5 | AR3: 7 | AS3: 4 | AT3: 5 | AU3: 7 | AV3: 4 | AW3: 4 | AX3: 1 | AY3: 7 | AZ3: 5 | BA3: 5 | BB3: 5 | BC3: 6 | BD3: 4 | BE3: 4 | BF3: 5 | BG3: 3 | BH3: 4
B4: 2 | C4: 5 | D4: 7 | E4: 5 | F4: 5 | G4: 4 | H4: 5 | I4: 5 | J4: 3 | K4: 6 | L4: 3 | M4: 1 | Q4: 2 | R4: 7 | S4: 7 | T4: 5 | U4: 7 | V4: 1 | W4: 5 | X4: 5 | Y4: 7 | Z4: 6 | AA4: 5 | AB4: 6 | AC4: 5 | AD4: 5 | AE4: 5 | AF4: 3 | AG4: 5 | AH4: 3 | AI4: 5 | AJ4: 5 | AK4: 1 | AL4: 2 | AM4: 2 | AN4: 3 | AO4: 4 | AP4: 3 | AQ4: 5 | AR4: 3 | AS4: 6 | AT4: 6 | AU4: 7 | AV4: 4 | AW4: 5 | AX4: 6 | AY4: 3 | AZ4: 2 | BA4: 1 | BB4: 2 | BC4: 4 | BD4: 1 | BE4: 2 | BF4: 5 | BG4: 2 | BH4: 2
B5: 3 | C5: 5 | D5: 5 | E5: 5 | F5: 5 | G5: 5 | H5: 5 | I5: 5 | J5: 5 | K5: 5 | L5: 5 | M5: 5 | Q5: 3 | R5: 5 | S5: 5 | T5: 5 | U5: 7 | V5: 2 | W5: 1 | X5: 6 | Y5: 5 | Z5: 6 | AA5: 6 | AB5: 7 | AC5: 1 | AD5: 6 | AE5: 7 | AF5: 2 | AG5: 4 | AH5: 3 | AI5: 3 | AJ5: 6 | AK5: 6 | AL5: 7 | AM5: 7 | AN5: 3 | AO5: 6 | AP5: 3 | AQ5: 4 | AR5: 4 | AS5: 4 | AT5: 7 | AU5: 7 | AV5: 3 | AW5: 4 | AX5: 3 | AY5: 3 | AZ5: 5 | BA5: 3 | BB5: 4 | BC5: 3 | BD5: 7 | BE5: 5 | BF5: 6 | BG5: 1 | BH5: 3
B6: 4 | C6: 6 | D6: 7 | E6: 7 | F6: 3 | G6: 5 | H6: 5 | I6: 7 | J6: 5 | K6: 6 | L6: 4 | M6: 6 | Q6: 4 | R6: 5 | S6: 5 | T6: 5 | U6: 3 | V6: 3 | W6: 7 | X6: 3 | Y6: 7 | Z6: 6 | AA6: 7 | AB6: 6 | AC6: 7 | AD6: 3 | AE6: 6 | AF6: 5 | AG6: 4 | AH6: 3 | AI6: 3 | AJ6: 5 | AK6: 2 | AL6: 3 | AM6: 4 | AN6: 4 | AO6: 3 | AP6: 2 | AQ6: 5 | AR6: 5 | AS6: 5 | AT6: 6 | AU6: 4 | AV6: 4 | AW6: 5 | AX6: 5 | AY6: 2 | AZ6: 4 | BA6: 2 | BB6: 3 | BC6: 2 | BD6: 4 | BE6: 5 | BF6: 7 | BG6: 4 | BH6: 2
B7: 5 | C7: 4 | D7: 1 | E7: 2 | F7: 3 | G7: 1 | H7: 4 | I7: 2 | J7: 5 | K7: 2 | L7: 3 | M7: 3 | Q7: 5 | R7: 6 | S7: 4 | T7: 5 | U7: 5 | V7: 1 | W7: 7 | X7: 4 | Y7: 3 | Z7: 6 | AA7: 6 | AB7: 6 | AC7: 3 | AD7: 4 | AE7: 6 | AF7: 5 | AG7: 3 | AH7: 3 | AI7: 2 | AJ7: 6 | AK7: 6 | AL7: 6 | AM7: 7 | AN7: 7 | AO7: 3 | AP7: 7 | AQ7: 5 | AR7: 5 | AS7: 5 | AT7: 6 | AU7: 5 | AV7: 5 | AW7: 1 | AX7: 3 | AY7: 7 | AZ7: 7 | BA7: 7 | BB7: 7 | BC7: 2 | BD7: 3 | BE7: 4 | BF7: 5 | BG7: 6 | BH7: 3
B8: 6 | C8: 2 | D8: 5 | E8: 1 | F8: 7 | G8: 7 | H8: 4 | I8: 2 | J8: 7 | K8: 4 | L8: 5 | M8: 4 | Q8: 6 | R8: 5 | S8: 5 | T8: 5 | U8: 5 | V8: 4 | W8: 4 | X8: 5 | Y8: 6 | Z8: 6 | AA8: 6 | AB8: 4 | AC8: 2 | AD8: 6 | AE8: 5 | AF8: 5 | AG8: 6 | AH8: 3 | AI8: 4 | AJ8: 4 | AK8: 5 | AL8: 5 | AM8: 5 | AN8: 5 | AO8: 4 | AP8: 6 | AQ8: 4 | AR8: 5 | AS8: 5 | AT8: 5 | AU8: 5 | AV8: 5 | AW8: 4 | AX8: 5 | AY8: 6 | AZ8: 6 | BA8: 5 | BB8: 6 | BC8: 7 | BD8: 2 | BE8: 4 | BF8: 5 | BG8: 5 | BH8: 4
B9: 7 | C9: 5 | D9: 5 | E9: 6 | F9: 3 | G9: 4 | H9: 5 | I9: 6 | J9: 6 | K9: 6 | L9: 4 | M9: 5 | Q9: 7 | R9: 7 | S9: 5 | T9: 5 | U9: 7 | V9: 2 | W9: 2 | X9: 6 | Y9: 6 | AA9: 6 | AB9: 4 | AC9: 3 | AD9: 5 | AE9: 5 | AF9: 3 | AG9: 6 | AH9: 3 | AI9: 5 | AJ9: 7 | AK9: 4 | AL9: 5 | AM9: 6 | AN9: 4 | AO9: 3 | AP9: 4 | AQ9: 5 | AR9: 4 | AS9: 5 | AT9: 6 | AU9: 5 | AV9: 4 | AW9: 6 | AX9: 7 | AY9: 4 | AZ9: 4 | BA9: 4 | BB9: 1 | BC9: 6 | BD9: 6 | BE9: 6 | BF9: 5 | BG9: 7 | BH9: 5
B10: 8 | C10: 5 | D10: 7 | E10: 5 | F10: 7 | G10: 3 | H10: 6 | I10: 6 | J10: 5 | K10: 5 | L10: 4 | M10: 3 | Q10: 8 | R10: 5 | S10: 3 | T10: 5 | U10: 5 | V10: 5 | W10: 7 | X10: 6 | Y10: 5 | Z10: 5 | AA10: 7 | AB10: 5 | AC10: 6 | AD10: 3 | AE10: 6 | AF10: 4 | AG10: 6 | AH10: 3 | AI10: 3 | AJ10: 4 | AK10: 3 | AL10: 4 | AM10: 6 | AN10: 4 | AO10: 6 | AP10: 5 | AQ10: 5 | AR10: 3 | AS10: 5 | AT10: 7 | AU10: 2 | AV10: 6 | AW10: 3 | AX10: 4 | AY10: 5 | AZ10: 6 | BA10: 6 | BB10: 4 | BC10: 3 | BD10: 4 | BE10: 2 | BF10: 5 | BG10: 6 | BH10: 5
B11: 9 | C11: 5 | D11: 6 | E11: 6 | F11: 6 | G11: 6 | H11: 6 | J11: 5 | K11: 3 | L11: 3 | M11: 4 | Q11: 9 | R11: 7 | S11: 6 | T11: 5 | U11: 6 | V11: 2 | W11: 4 | X11: 6 | Y11: 5 | Z11: 3 | AA11: 6 | AB11: 1 | AC11: 7 | AD11: 5 | AE11: 5 | AF11: 4 | AG11: 6 | AH11: 3 | AI11: 4 | AJ11: 6 | AK11: 2 | AL11: 3 | AM11: 1 | AN11: 2 | AO11: 4 | AP11: 4 | AQ11: 5 | AR11: 5 | AS11: 5 | AT11: 7 | AU11: 5 | AV11: 3 | AW11: 6 | AX11: 7 | AY11: 4 | AZ11: 3 | BA11: 3 | BB11: 2 | BC11: 4 | BD11: 5 | BE11: 4 | BF11: 3 | BG11: 4 | BH11: 5
B12: 10 | C12: 7 | D12: 5 | E12: 6 | F12: 7 | G12: 6 | H12: 6 | I12: 6 | J12: 7 | K12: 6 | L12: 7 | M12: 6 | Q12: 10 | R12: 6 | S12: 3 | T12: 5 | U12: 4 | V12: 3 | W12: 5 | X12: 4 | Y12: 4 | Z12: 3 | AA12: 7 | AB12: 4 | AC12: 7 | AD12: 6 | AE12: 6 | AF12: 4 | AG12: 4 | AH12: 3 | AI12: 3 | AJ12: 5 | AK12: 4 | AL12: 5 | AM12: 4 | AN12: 5 | AO12: 5 | AP12: 5 | AQ12: 5 | AR12: 6 | AS12: 6 | AT12: 7 | AU12: 4 | AV12: 4 | AW12: 4 | AX12: 5 | AY12: 5 | AZ12: 3 | BA12: 4 | BB12: 5 | BC12: 5 | BD12: 3 | BE12: 2 | BF12: 1 | BG12: 1 | BH12: 5
B13: 11 | C13: 7 | D13: 6 | E13: 7 | F13: 6 | G13: 6 | H13: 4 | I13: 4 | J13: 5 | K13: 1 | L13: 4 | M13: 5 | Q13: 11 | R13: 6 | S13: 1 | T13: 5 | U13: 6 | V13: 3 | W13: 4 | X13: 5 | Y13: 3 | Z13: 4 | AA13: 6 | AB13: 5 | AC13: 4 | AD13: 5 | AE13: 7 | AF13: 5 | AG13: 5 | AH13: 3 | AI13: 3 | AJ13: 6 | AK13: 5 | AL13: 6 | AM13: 3 | AN13: 2 | AO13: 5 | AP13: 2 | AQ13: 5 | AR13: 7 | AS13: 4 | AT13: 6 | AU13: 5 | AV13: 5 | AW13: 3 | AX13: 3 | AY13: 2 | AZ13: 2 | BA13: 2 | BB13: 1 | BC13: 1 | BD13: 5 | BE13: 5 | BF13: 7 | BG13: 1 | BH13: 5
B14: 12 | C14: 2 | D14: 5 | E14: 1 | F14: 7 | G14: 3 | H14: 2 | I14: 3 | J14: 6 | K14: 7 | L14: 7 | M14: 4
B15: 13 | C15: 5 | D15: 5 | E15: 6 | F15: 3 | G15: 4 | H15: 6 | I15: 5 | J15: 3 | K15: 5 | L15: 6 | M15: 5
B16: 14 | C16: 4 | D16: 5 | E16: 7 | F16: 6 | G16: 6 | H16: 5 | I16: 5 | J16: 6 | K16: 5 | L16: 6 | M16: 7
B17: 15 | C17: 3 | D17: 3 | E17: 2 | F17: 5 | G17: 5 | H17: 5 | I17: 3 | J17: 4 | K17: 4 | L17: 4 | M17: 5
B18: 16 | C18: 5 | D18: 5 | E18: 4 | F18: 4 | G18: 3 | H18: 6 | I18: 6 | J18: 6 | K18: 6 | L18: 4 | M18: 5
B19: 17 | C19: 3 | D19: 3 | E19: 3 | F19: 3 | G19: 3 | H19: 3 | I19: 3 | J19: 3 | K19: 3 | L19: 3 | M19: 3
B20: 18 | C20: 5 | D20: 5 | E20: 3 | F20: 3 | G20: 2 | H20: 4 | I20: 5 | J20: 3 | K20: 4 | L20: 3 | M20: 3
B21: 19 | C21: 7 | D21: 5 | E21: 6 | F21: 5 | G21: 6 | H21: 4 | I21: 7 | J21: 4 | K21: 6 | L21: 5 | M21: 6
B22: 20 | C22: 7 | D22: 1 | E22: 6 | F22: 2 | G22: 6 | H22: 5 | I22: 4 | J22: 3 | K22: 2 | L22: 4 | M22: 5
B23: 21 | C23: 7 | D23: 2 | E23: 7 | F23: 3 | G23: 6 | H23: 5 | I23: 5 | J23: 4 | K23: 3 | L23: 5 | M23: 6
B24: 22 | C24: 5 | D24: 2 | E24: 7 | F24: 4 | G24: 7 | H24: 5 | I24: 6 | J24: 6 | K24: 1 | L24: 4 | M24: 3
B25: 23 | C25: 6 | D25: 3 | E25: 3 | F25: 4 | G25: 7 | H25: 5 | I25: 4 | J25: 4 | K25: 2 | L25: 5 | M25: 2
... B45: 43 | C45: 4 | D45: 2 | E45: 3 | F45: 2 | G45: 3 | H45: 4 | I45: 5 | J45: 5 | K45: 5 | L45: 5 | M45: 5

Sheet 2. Respondent 1_Metrix & Regres
B1: X VARIABLES DATA MATRIX (YOUR CONJOINT DESIGN FOR EACH OPTION) | O1: Y VARIABLES
B2: 450 | C2: 550 | D2: Indoor2_Smart Adaptive Display | E2: Indoor3_AI-Optimized Vision | F2: Outdoor2_Advanced GPS & Live Mapping | G2: Outdoor3_AR Navigation & Real-Time Environmental Data | H2: Professional2_Smart Voice Commands & Reminders | I2: Professional3_AI Assistant & Hands-Free Control | J2: Fitness2_Heart Rate & Workout Insights | K2: Fitness3_Full Biometric Analysis & AI Coaching | O2: Profile | P2: Respondent 1 | V2: 450 | W2: 550 | X2: Indoor2_Smart Adaptive Display | Y2: Indoor3_AI-Optimized Vision | Z2: Outdoor2_Advanced GPS & Live Mapping | AA2: Outdoor3_AR Navigation & Real-Time Environmental Data | AB2: Professional2_Smart Voice Commands & Reminders | AC2: Professional3_AI Assistant & Hands-Free Control | AD2: Fitness2_Heart Rate & Workout Insights | AE2: Fitness3_Full Biometric Analysis & AI Coaching
B3: ='Conjoint Dummy'!H10 -> 1 | C3: ='Conjoint Dummy'!I10 -> 0 | D3: ='Conjoint Dummy'!J10 -> 1 | E3: ='Conjoint Dummy'!K10 -> 0 | F3: ='Conjoint Dummy'!L10 -> 1 | G3: ='Conjoint Dummy'!M10 -> 0 | H3: ='Conjoint Dummy'!N10 -> 1 | I3: ='Conjoint Dummy'!O10 -> 0 | ... K3: ='Conjoint Dummy'!Q10 -> 0 | O3: 1 | P3: 6 | U3: 450 | V3: 1
B4: ='Conjoint Dummy'!H11 -> 0 | C4: ='Conjoint Dummy'!I11 -> 0 | D4: ='Conjoint Dummy'!J11 -> 1 | E4: ='Conjoint Dummy'!K11 -> 0 | F4: ='Conjoint Dummy'!L11 -> 0 | G4: ='Conjoint Dummy'!M11 -> 0 | H4: ='Conjoint Dummy'!N11 -> 0 | I4: ='Conjoint Dummy'!O11 -> 0 | ... K4: ='Conjoint Dummy'!Q11 -> 1 | O4: 2 | P4: 7 | U4: 550 | V4: -0.35634832 | W4: 1
B5: ='Conjoint Dummy'!H12 -> 0 | C5: ='Conjoint Dummy'!I12 -> 1 | D5: ='Conjoint Dummy'!J12 -> 0 | E5: ='Conjoint Dummy'!K12 -> 0 | F5: ='Conjoint Dummy'!L12 -> 0 | G5: ='Conjoint Dummy'!M12 -> 0 | H5: ='Conjoint Dummy'!N12 -> 1 | I5: ='Conjoint Dummy'!O12 -> 0 | ... K5: ='Conjoint Dummy'!Q12 -> 0 | O5: 3 | P5: 5 | U5: Indoor2_Smart Adaptive Display | V5: 0.043033148 | W5: -0.3105295 | X5: 1
B6: ='Conjoint Dummy'!H13 -> 0 | C6: ='Conjoint Dummy'!I13 -> 0 | D6: ='Conjoint Dummy'!J13 -> 0 | E6: ='Conjoint Dummy'!K13 -> 1 | F6: ='Conjoint Dummy'!L13 -> 0 | G6: ='Conjoint Dummy'!M13 -> 0 | H6: ='Conjoint Dummy'!N13 -> 1 | I6: ='Conjoint Dummy'!O13 -> 0 | ... K6: ='Conjoint Dummy'!Q13 -> 1 | O6: 4 | P6: 5 | U6: Indoor3_AI-Optimized Vision | V6: 0.24056261 | W6: -0.038575837 | X6: -0.55901699 | Y6: 1
B7: ='Conjoint Dummy'!H14 -> 1 | C7: ='Conjoint Dummy'!I14 -> 0 | D7: ='Conjoint Dummy'!J14 -> 0 | E7: ='Conjoint Dummy'!K14 -> 1 | F7: ='Conjoint Dummy'!L14 -> 0 | G7: ='Conjoint Dummy'!M14 -> 0 | H7: ='Conjoint Dummy'!N14 -> 0 | I7: ='Conjoint Dummy'!O14 -> 1 | ... K7: ='Conjoint Dummy'!Q14 -> 0 | O7: 5 | P7: 6 | U7: Outdoor2_Advanced GPS & Live Mapping | V7: 0.24056261 | W7: -0.038575837 | X7: 0.2608746 | Y7: -0.375 | Z7: 1
B8: ='Conjoint Dummy'!H15 -> 0 | C8: ='Conjoint Dummy'!I15 -> 0 | D8: ='Conjoint Dummy'!J15 -> 1 | E8: ='Conjoint Dummy'!K15 -> 0 | F8: ='Conjoint Dummy'!L15 -> 1 | G8: ='Conjoint Dummy'!M15 -> 0 | H8: ='Conjoint Dummy'!N15 -> 0 | I8: ='Conjoint Dummy'!O15 -> 1 | ... K8: ='Conjoint Dummy'!Q15 -> 1 | O8: 6 | P8: 5 | U8: Outdoor3_AR Navigation & Real-Time Environmental Data | V8: -0.28867513 | W8: 0.38575837 | X8: 0.2608746 | Y8: 0.083333333 | Z8: -0.375 | AA8: 1
B9: ='Conjoint Dummy'!H16 -> 0 | C9: ='Conjoint Dummy'!I16 -> 1 | D9: ='Conjoint Dummy'!J16 -> 0 | E9: ='Conjoint Dummy'!K16 -> 0 | F9: ='Conjoint Dummy'!L16 -> 1 | G9: ='Conjoint Dummy'!M16 -> 0 | H9: ='Conjoint Dummy'!N16 -> 0 | I9: ='Conjoint Dummy'!O16 -> 0 | ... K9: ='Conjoint Dummy'!Q16 -> 1 | O9: 7 | P9: 7 | U9: Professional2_Smart Voice Commands & Reminders | V9: 0.13363062 | W9: -0.17857143 | X9: 0.069006556 | Y9: -0.038575837 | Z9: -0.038575837 | AA9: -0.038575837 | AB9: 1
B10: ='Conjoint Dummy'!H17 -> 0 | C10: ='Conjoint Dummy'!I17 -> 1 | D10: ='Conjoint Dummy'!J17 -> 0 | E10: ='Conjoint Dummy'!K17 -> 1 | F10: ='Conjoint Dummy'!L17 -> 0 | G10: ='Conjoint Dummy'!M17 -> 1 | H10: ='Conjoint Dummy'!N17 -> 0 | I10: ='Conjoint Dummy'!O17 -> 1 | ... K10: ='Conjoint Dummy'!Q17 -> 1 | O10: 8 | P10: 5 | U10: Professional3_AI Assistant & Hands-Free Control | V10: 0.24056261 | W10: -0.038575837 | X10: -0.1490712 | Y10: 0.54166667 | Z10: 0.083333333 | AA10: 0.083333333 | AB10: -0.46291005 | AC10: 1
B11: ='Conjoint Dummy'!H18 -> 0 | C11: ='Conjoint Dummy'!I18 -> 0 | D11: ='Conjoint Dummy'!J18 -> 0 | E11: ='Conjoint Dummy'!K18 -> 0 | F11: ='Conjoint Dummy'!L18 -> 0 | G11: ='Conjoint Dummy'!M18 -> 0 | H11: ='Conjoint Dummy'!N18 -> 0 | I11: ='Conjoint Dummy'!O18 -> 0 | ... K11: ='Conjoint Dummy'!Q18 -> 0 | O11: 9 | P11: 7 | U11: Fitness2_Heart Rate & Workout Insights | V11: 0.62360956 | W11: 0.21428571 | X11: 0.069006556 | Y11: -0.038575837 | Z11: -0.038575837 | AA11: -0.038575837 | AB11: 0.21428571 | AC11: -0.038575837 | AD11: 1
B12: ='Conjoint Dummy'!H19 -> 0 | C12: ='Conjoint Dummy'!I19 -> 0 | D12: ='Conjoint Dummy'!J19 -> 1 | E12: ='Conjoint Dummy'!K19 -> 0 | F12: ='Conjoint Dummy'!L19 -> 0 | G12: ='Conjoint Dummy'!M19 -> 1 | H12: ='Conjoint Dummy'!N19 -> 1 | I12: ='Conjoint Dummy'!O19 -> 0 | ... K12: ='Conjoint Dummy'!Q19 -> 0 | O12: 10 | P12: 6 | U12: Fitness3_Full Biometric Analysis & AI Coaching | V12: -0.43033148 | W12: 0.069006556 | X12: -0.1 | Y12: 0.2608746 | Z12: 0.2608746 | AA12: -0.1490712 | AB12: -0.3105295 | AC12: 0.2608746 | AD12: -0.69006556 | AE12: 1
B13: ='Conjoint Dummy'!H20 -> 0 | C13: ='Conjoint Dummy'!I20 -> 1 | D13: ='Conjoint Dummy'!J20 -> 1 | E13: ='Conjoint Dummy'!K20 -> 0 | F13: ='Conjoint Dummy'!L20 -> 0 | G13: ='Conjoint Dummy'!M20 -> 1 | H13: ='Conjoint Dummy'!N20 -> 0 | I13: ='Conjoint Dummy'!O20 -> 0 | ... K13: ='Conjoint Dummy'!Q20 -> 0 | O13: 11 | P13: 6
B16: REGRESSION RESULT
B18: SUMMARY OUTPUT
B20: Regression Statistics
B21: Multiple R | C21: 0.98786497
B22: R Square | C22: 0.97587719
B23: Adjusted R Square | C23: 0.75877193
B24: Standard Error | C24: 0.40824829
B25: Observations | C25: 11
B27: ANOVA
C28: df | D28: SS | E28: MS | F28: F | G28: Significance F
B29: Regression | C29: 9 | D29: 6.7424242 | E29: 0.74915825 | F29: 4.4949495 | G29: 0.35161204
B30: Residual | C30: 1 | D30: 0.16666667 | E30: 0.16666667
B31: Total | C31: 10 | D31: 6.9090909
C33: Coefficients | D33: Standard Error | E33: t Stat | F33: P-value | G33: Lower 95% | H33: Upper 95% | I33: Lower 95.0% | J33: Upper 95.0%
B34: Intercept | C34: 7.1666667 | D34: 0.372678 | E34: 19.230185 | F34: 0.033075442 | G34: 2.4313437 | H34: 11.90199 | I34: 2.4313437 | J34: 11.90199
B35: 450 | C35: 2.3333333 | D35: 0.94280904 | E35: 2.4748737 | F35: 0.24446349 | G35: -9.6461914 | H35: 14.312858 | I35: -9.6461914 | J35: 14.312858
B36: 550 | C36: 0.33333333 | D36: 0.74535599 | E36: 0.4472136 | F36: 0.73227953 | G36: -9.1373125 | H36: 9.8039792 | I36: -9.1373125 | J36: 9.8039792
B37: Indoor2_Smart Adaptive Display | C37: -0.16666667 | D37: 0.5527708 | E37: -0.30151134 | F37: 0.8135705 | G37: -7.1902856 | H37: 6.8569523 | I37: -7.1902856 | J37: 6.8569523
B38: Indoor3_AI-Optimized Vision | C38: -1 | D38: 0.57735027 | E38: -1.7320508 | F38: 0.33333333 | G38: -8.3359307 | H38: 6.3359307 | I38: -8.3359307 | J38: 6.3359307
B39: Outdoor2_Advanced GPS & Live Mapping | C39: -0.66666667 | D39: 0.62360956 | E39: -1.069045 | F39: 0.47876359 | G39: -8.5903775 | H39: 7.2570441 | I39: -8.5903775 | J39: 7.2570441
B40: Outdoor3_AR Navigation & Real-Time Environmental Data | C40: 1.5455329e-15 | D40: 0.57735027 | E40: 2.6769414e-15 | F40: 1 | G40: -7.3359307 | H40: 7.3359307 | I40: -7.3359307 | J40: 7.3359307
B41: Professional2_Smart Voice Commands & Reminders | C41: -1.1666667 | D41: 0.372678 | E41: -3.1304952 | F41: 0.19683858 | G41: -5.9019896 | H41: 3.5686563 | I41: -5.9019896 | J41: 3.5686563
B42: Professional3_AI Assistant & Hands-Free Control | C42: -1.3333333 | D42: 0.47140452 | E42: -2.8284271 | F42: 0.2163469 | G42: -7.3230957 | H42: 4.656429 | I42: -7.3230957 | J42: 4.656429
B43: Fitness2_Heart Rate & Workout Insights | C43: -1.3333333 | D43: 0.74535599 | E43: -1.7888544 | F43: 0.32451036 | G43: -10.803979 | H43: 8.1373125 | I43: -10.803979 | J43: 8.1373125

Sheet 3. All Pathworth Matrix
A1: After identifying the optimal model, we use Python to process the remaining respondents.
A2: Respondent | B2: Intercept | C2: 450 | D2: 550 | E2: Indoor2_Smart Adaptive Display | F2: Indoor3_AI-Optimized Vision | G2: Outdoor2_Advanced GPS & Live Mapping | H2: Outdoor3_AR Navigation & Real-Time Environmental Data | I2: Professional2_Smart Voice Commands & Reminders | J2: Professional3_AI Assistant & Hands-Free Control | K2: Fitness2_Heart Rate & Workout Insights | L2: R_squared
A3: 1 | B3: 7.1666667 | C3: 2.3333333 | D3: 0.33333333 | E3: -0.16666667 | F3: -1 | G3: -0.66666667 | H3: -9.7414327e-16 | I3: -1.1666667 | J3: -1.3333333 | K3: -1.3333333 | L3: 0.97587719
A4: 2 | B4: 5.6666667 | C4: 3.3333333 | D4: 2.3333333 | E4: 1.3333333 | F4: -1.5 | G4: -2.6666667 | H4: -4.5 | I4: 0.83333333 | J4: 0.66666667 | K4: -3.8333333 | L4: 0.97505669
A5: 3 | B5: 5 | C5: 0 | D5: 0 | E5: 0 | F5: 0 | G5: 0 | H5: 0 | I5: 0 | J5: 0 | K5: 0 | L5: 1
A6: 4 | B6: 5.8333333 | C6: 3.6666667 | D6: 3.6666667 | E6: 1.1666667 | F6: -2.5 | G6: -2.3333333 | H6: -2.5 | I6: -0.33333333 | J6: 0.33333333 | K6: -2.1666667 | L6: 0.99003623
A7: 5 | B7: 1.1666667 | C7: -1.6666667 | D7: -0.66666667 | E7: -0.16666667 | F7: 1 | G7: 2.3333333 | H7: 2 | I7: 0.83333333 | J7: 0.66666667 | K7: 0.66666667 | L7: 0.74250936
A8: 6 | B8: 4.1666667 | C8: -0.66666667 | D8: -1.6666667 | E8: 0.83333333 | F8: 4 | G8: -0.66666667 | H8: 1 | I8: -1.1666667 | J8: -0.33333333 | K8: -0.33333333 | L8: 0.9962585
A9: 7 | B9: 5.5 | C9: 2 | D9: 2 | E9: -0.5 | F9: -2.5 | G9: -1 | H9: -0.5 | I9: 2.5330249e-16 | J9: 1 | K9: -1.5 | L9: 0.85
A10: 8 | B10: 4.6666667 | C10: 0.33333333 | D10: 2.3333333 | E10: 2.3333333 | F10: 1.5 | G10: -0.66666667 | H10: -3.5 | I10: 0.83333333 | J10: -0.33333333 | K10: -2.8333333 | L10: 0.96474359
A11: 9 | B11: 2.3333333 | C11: -1.3333333 | D11: 1.1666667 | E11: 3.6666667 | F11: 2 | G11: -2.8333333 | H11: -4 | I11: 1.6666667 | J11: 2.8333333 | K11: 0.83333333 | L11: 0.92739274
A12: 10 | B12: 5.8333333 | C12: -0.33333333 | D12: -0.83333333 | E12: -0.83333333 | F12: 0.5 | G12: 1.1666667 | H12: 1.5 | I12: 0.66666667 | J12: -0.16666667 | K12: 0.33333333 | L12: 0.96014493
A13: 11 | B13: 1.1666667 | C13: 3.3333333 | D13: 5.3333333 | E13: 4.8333333 | F13: 2.5 | G13: -2.6666667 | H13: -4.5 | I13: 2.3333333 | J13: 0.66666667 | K13: -1.8333333 | L13: 0.99444444
A14: 12 | B14: 6.6666667 | C14: -0.66666667 | D14: -3.1666667 | E14: -1.6666667 | F14: 1.5 | G14: -0.16666667 | H14: 3.5 | I14: -1.1666667 | J14: -2.8333333 | K14: -1.3333333 | L14: 0.98671498
... A45: 43 | B45: 4.8333333 | C45: -0.33333333 | D45: -1.8333333 | E45: -2.8333333 | F45: -2 | G45: 2.1666667 | H45: 4 | I45: -0.83333333 | J45: -0.16666667 | K45: 0.83333333 | L45: 0.98882114
